,Timestamp,LogLevel,Service,Message,RequestID,User,ClientIP,TimeTaken
0,2023-11-20T08:40:50.664842,WARNING,ServiceA,Performance Warnings,6743,User96,192.168.1.102,28ms
1,2023-11-20T08:40:50.672154,DEBUG,ServiceA,File I/O,8684,User17,192.168.1.219,55ms
2,2023-11-20T08:40:50.680263,WARNING,ServiceA,Performance Warnings,6265,User13,192.168.1.173,44ms
3,2023-11-20T08:40:50.688973,ERROR,ServiceA,Critical Errors,5821,User1,192.168.1.185,72ms
4,2023-11-20T08:40:50.697002,ERROR,ServiceB,Critical Errors,7272,User64,192.168.1.194,56ms
5,2023-11-20T08:40:50.705617,FATAL,ServiceA,Crashes,7983,User48,192.168.1.129,22ms
6,2023-11-20T08:40:50.714641,WARNING,ServiceD,Performance Warnings,3378,User40,192.168.1.56,12ms
7,2023-11-20T08:40:50.729253,WARNING,ServiceB,Performance Warnings,2061,User15,192.168.1.58,11ms
8,2023-11-20T08:40:50.742986,ERROR,ServiceD,Critical Errors,9966,User39,192.168.1.219,52ms
9,2023-11-20T08:40:50.759240,ERROR,ServiceB,Database Errors,3059,User57,192.168.1.97,79ms
10,2023-11-20T08:40:50.783024,WARNING,ServiceD,Resource Warnings,4230,User55,192.168.1.94,64ms
11,2023-11-20T08:40:50.798636,INFO,ServiceC,Startup Messages,6556,User68,192.168.1.23,86ms
12,2023-11-20T08:40:50.814813,DEBUG,ServiceD,Trace Information,7745,User89,192.168.1.20,24ms
13,2023-11-20T08:40:50.830576,DEBUG,ServiceD,File I/O,7566,User95,192.168.1.170,64ms
14,2023-11-20T08:40:50.846785,FATAL,ServiceC,Data Corruption,7077,User20,192.168.1.110,83ms
15,2023-11-20T08:40:50.857131,WARNING,ServiceC,Resource Warnings,4703,User84,192.168.1.117,61ms
16,2023-11-20T08:40:50.863332,FATAL,ServiceC,Data Corruption,2389,User58,192.168.1.102,83ms
17,2023-11-20T08:40:50.878447,INFO,ServiceA,Status Updates,7751,User48,192.168.1.10,16ms
18,2023-11-20T08:40:50.888752,INFO,ServiceA,Startup Messages,2815,User85,192.168.1.34,87ms
19,2023-11-20T08:40:50.897574,WARNING,ServiceC,Resource Warnings,3707,User4,192.168.1.71,33ms
20,2023-11-20T08:40:50.906640,DEBUG,ServiceC,Algorithm Steps,5666,User14,192.168.1.135,17ms
21,2023-11-20T08:40:50.914827,FATAL,ServiceB,Crashes,3454,User14,192.168.1.69,19ms
22,2023-11-20T08:40:50.930622,INFO,ServiceB,Status Updates,6515,User79,192.168.1.131,94ms
23,2023-11-20T08:40:50.946874,ERROR,ServiceA,Critical Errors,1660,User5,192.168.1.163,47ms
24,2023-11-20T08:40:50.962634,FATAL,ServiceB,Crashes,5129,User22,192.168.1.27,24ms
25,2023-11-20T08:40:50.978633,FATAL,ServiceD,Data Corruption,9028,User88,192.168.1.111,91ms
26,2023-11-20T08:40:50.994358,WARNING,ServiceD,Input Validation Warnings,8342,User64,192.168.1.98,94ms
27,2023-11-20T08:40:51.009980,INFO,ServiceA,Status Updates,3272,User68,192.168.1.182,39ms
28,2023-11-20T08:40:51.025631,DEBUG,ServiceB,File I/O,3312,User18,192.168.1.17,82ms
29,2023-11-20T08:40:51.041373,ERROR,ServiceD,Critical Errors,7913,User90,192.168.1.204,60ms
30,2023-11-20T08:40:51.057095,DEBUG,ServiceC,Trace Information,7677,User17,192.168.1.54,11ms
31,2023-11-20T08:40:51.067654,FATAL,ServiceD,Data Corruption,6621,User6,192.168.1.130,65ms
32,2023-11-20T08:40:51.079061,INFO,ServiceC,Startup Messages,7026,User89,192.168.1.52,51ms
33,2023-11-20T08:40:51.089943,ERROR,ServiceA,Critical Errors,9871,User71,192.168.1.221,79ms
34,2023-11-20T08:40:51.105359,FATAL,ServiceB,Crashes,1214,User36,192.168.1.217,55ms
35,2023-11-20T08:40:51.121804,ERROR,ServiceB,Critical Errors,9560,User33,192.168.1.71,91ms
36,2023-11-20T08:40:51.145814,DEBUG,ServiceD,Algorithm Steps,5880,User87,192.168.1.208,24ms
37,2023-11-20T08:40:51.162024,ERROR,ServiceB,Database Errors,3402,User2,192.168.1.124,59ms
38,2023-11-20T08:40:51.177874,ERROR,ServiceA,Database Errors,2122,User89,192.168.1.212,84ms
39,2023-11-20T08:40:51.193657,WARNING,ServiceD,Input Validation Warnings,3307,User50,192.168.1.36,93ms
40,2023-11-20T08:40:51.209528,DEBUG,ServiceA,File I/O,4130,User46,192.168.1.52,21ms
41,2023-11-20T08:40:51.225251,INFO,ServiceC,Status Updates,8137,User66,192.168.1.49,43ms
42,2023-11-20T08:40:51.241002,ERROR,ServiceA,Database Errors,3924,User66,192.168.1.65,54ms
43,2023-11-20T08:40:51.256727,DEBUG,ServiceB,SQL Queries,7951,User60,192.168.1.130,51ms
44,2023-11-20T08:40:51.268425,INFO,ServiceD,Startup Messages,4391,User38,192.168.1.227,51ms
45,2023-11-20T08:40:51.280236,WARNING,ServiceC,Performance Warnings,9083,User46,192.168.1.124,53ms
46,2023-11-20T08:40:51.289243,FATAL,ServiceC,Crashes,1569,User3,192.168.1.246,11ms
47,2023-11-20T08:40:51.304844,INFO,ServiceA,Startup Messages,4737,User37,192.168.1.29,97ms
48,2023-11-20T08:40:51.313661,INFO,ServiceC,Status Updates,8820,User26,192.168.1.103,14ms
49,2023-11-20T08:40:51.322621,DEBUG,ServiceA,Algorithm Steps,9467,User86,192.168.1.116,85ms
50,2023-11-20T08:40:51.346419,INFO,ServiceD,Startup Messages,2234,User48,192.168.1.171,72ms
51,2023-11-20T08:40:51.362185,FATAL,ServiceD,Data Corruption,2253,User94,192.168.1.157,31ms
52,2023-11-20T08:40:51.377774,DEBUG,ServiceB,Trace Information,3491,User83,192.168.1.160,30ms
53,2023-11-20T08:40:51.393686,DEBUG,ServiceD,Trace Information,7167,User27,192.168.1.55,12ms
54,2023-11-20T08:40:51.409408,INFO,ServiceA,Status Updates,5403,User18,192.168.1.155,79ms
55,2023-11-20T08:40:51.424941,ERROR,ServiceC,Database Errors,5009,User59,192.168.1.153,48ms
56,2023-11-20T08:40:51.441125,INFO,ServiceD,Startup Messages,4780,User31,192.168.1.166,41ms
57,2023-11-20T08:40:51.457004,DEBUG,ServiceA,SQL Queries,5523,User37,192.168.1.36,59ms
58,2023-11-20T08:40:51.468713,WARNING,ServiceD,Performance Warnings,8693,User47,192.168.1.167,82ms
59,2023-11-20T08:40:51.479501,DEBUG,ServiceC,Trace Information,4018,User19,192.168.1.249,83ms
60,2023-11-20T08:40:51.496124,WARNING,ServiceD,Resource Warnings,2358,User71,192.168.1.216,27ms
61,2023-11-20T08:40:51.512366,DEBUG,ServiceA,SQL Queries,6724,User12,192.168.1.228,72ms
62,2023-11-20T08:40:51.528120,DEBUG,ServiceC,SQL Queries,2006,User62,192.168.1.115,37ms
63,2023-11-20T08:40:51.539576,ERROR,ServiceD,Database Errors,5954,User86,192.168.1.213,72ms
64,2023-11-20T08:40:51.550475,ERROR,ServiceB,Database Errors,2041,User38,192.168.1.167,59ms
65,2023-11-20T08:40:51.566893,WARNING,ServiceC,Input Validation Warnings,4760,User47,192.168.1.51,26ms
66,2023-11-20T08:40:51.576260,ERROR,ServiceD,Database Errors,6583,User42,192.168.1.4,21ms
67,2023-11-20T08:40:51.591304,WARNING,ServiceA,Resource Warnings,7272,User6,192.168.1.126,50ms
68,2023-11-20T08:40:51.613142,WARNING,ServiceD,Input Validation Warnings,1514,User12,192.168.1.207,32ms
69,2023-11-20T08:40:51.629044,DEBUG,ServiceA,Trace Information,1972,User2,192.168.1.144,77ms
70,2023-11-20T08:40:51.644969,ERROR,ServiceB,Critical Errors,4053,User76,192.168.1.55,96ms
71,2023-11-20T08:40:51.660780,ERROR,ServiceC,Database Errors,5445,User31,192.168.1.60,100ms
72,2023-11-20T08:40:51.676551,ERROR,ServiceA,Critical Errors,7891,User50,192.168.1.17,77ms
73,2023-11-20T08:40:51.692356,ERROR,ServiceB,Database Errors,5074,User62,192.168.1.60,80ms
74,2023-11-20T08:40:51.700831,INFO,ServiceD,Status Updates,6445,User99,192.168.1.248,32ms
75,2023-11-20T08:40:51.713888,WARNING,ServiceB,Resource Warnings,2742,User91,192.168.1.140,32ms
76,2023-11-20T08:40:51.729226,DEBUG,ServiceD,Trace Information,4638,User64,192.168.1.66,58ms
77,2023-11-20T08:40:51.744635,WARNING,ServiceD,Input Validation Warnings,5237,User64,192.168.1.24,33ms
78,2023-11-20T08:40:51.760101,FATAL,ServiceD,Crashes,3275,User58,192.168.1.194,59ms
79,2023-11-20T08:40:51.775986,FATAL,ServiceD,Crashes,4993,User10,192.168.1.56,37ms
80,2023-11-20T08:40:51.784371,INFO,ServiceA,Status Updates,1038,User67,192.168.1.188,60ms
81,2023-11-20T08:40:51.796185,DEBUG,ServiceD,File I/O,9059,User24,192.168.1.242,100ms
82,2023-11-20T08:40:51.811779,DEBUG,ServiceD,Trace Information,9374,User95,192.168.1.74,74ms
83,2023-11-20T08:40:51.827534,DEBUG,ServiceB,SQL Queries,5143,User17,192.168.1.168,76ms
84,2023-11-20T08:40:51.836419,INFO,ServiceD,Startup Messages,9020,User58,192.168.1.147,16ms
85,2023-11-20T08:40:51.845868,ERROR,ServiceB,Critical Errors,1186,User52,192.168.1.56,97ms
86,2023-11-20T08:40:51.861536,WARNING,ServiceA,Resource Warnings,7060,User12,192.168.1.152,35ms
87,2023-11-20T08:40:51.877676,DEBUG,ServiceC,SQL Queries,9782,User46,192.168.1.113,71ms
88,2023-11-20T08:40:51.886173,WARNING,ServiceB,Performance Warnings,1139,User81,192.168.1.94,27ms
89,2023-11-20T08:40:51.896091,INFO,ServiceB,Startup Messages,8057,User48,192.168.1.103,97ms
90,2023-11-20T08:40:51.911847,WARNING,ServiceA,Resource Warnings,5431,User19,192.168.1.60,90ms
91,2023-11-20T08:40:51.927910,INFO,ServiceB,Startup Messages,1309,User91,192.168.1.181,88ms
92,2023-11-20T08:40:51.943626,WARNING,ServiceC,Performance Warnings,1968,User37,192.168.1.189,41ms
93,2023-11-20T08:40:51.952587,DEBUG,ServiceC,File I/O,2918,User12,192.168.1.229,92ms
94,2023-11-20T08:40:51.961675,FATAL,ServiceA,Data Corruption,4816,User89,192.168.1.44,15ms
95,2023-11-20T08:40:51.968032,WARNING,ServiceD,Resource Warnings,7362,User75,192.168.1.85,84ms
96,2023-11-20T08:40:51.980597,WARNING,ServiceD,Resource Warnings,7383,User95,192.168.1.110,31ms
97,2023-11-20T08:40:51.996899,WARNING,ServiceA,Resource Warnings,8806,User99,192.168.1.222,14ms
98,2023-11-20T08:40:52.011657,WARNING,ServiceD,Performance Warnings,4546,User68,192.168.1.223,99ms
99,2023-11-20T08:40:52.027403,INFO,ServiceC,Startup Messages,2289,User38,192.168.1.172,54ms
100,2023-11-20T08:40:52.043617,DEBUG,ServiceD,SQL Queries,6476,User22,192.168.1.64,97ms
101,2023-11-20T08:40:52.059635,INFO,ServiceC,Startup Messages,7923,User31,192.168.1.9,54ms
102,2023-11-20T08:40:52.074157,INFO,ServiceA,Startup Messages,6457,User40,192.168.1.40,55ms
103,2023-11-20T08:40:52.079071,FATAL,ServiceC,Data Corruption,4923,User10,192.168.1.79,69ms
104,2023-11-20T08:40:52.095703,DEBUG,ServiceD,SQL Queries,3740,User21,192.168.1.237,82ms
105,2023-11-20T08:40:52.111334,DEBUG,ServiceC,SQL Queries,3371,User81,192.168.1.82,80ms
106,2023-11-20T08:40:52.127532,INFO,ServiceD,Startup Messages,4518,User57,192.168.1.12,62ms
107,2023-11-20T08:40:52.143409,DEBUG,ServiceB,SQL Queries,9393,User1,192.168.1.110,40ms
108,2023-11-20T08:40:52.159451,ERROR,ServiceC,Critical Errors,1849,User97,192.168.1.64,15ms
109,2023-11-20T08:40:52.167718,DEBUG,ServiceD,Algorithm Steps,7402,User22,192.168.1.217,67ms
110,2023-11-20T08:40:52.179169,DEBUG,ServiceD,File I/O,8351,User79,192.168.1.76,55ms
111,2023-11-20T08:40:52.189966,INFO,ServiceC,Startup Messages,7155,User17,192.168.1.231,84ms
112,2023-11-20T08:40:52.198211,WARNING,ServiceD,Resource Warnings,8166,User31,192.168.1.124,66ms
113,2023-11-20T08:40:52.207580,INFO,ServiceA,Startup Messages,4734,User20,192.168.1.247,65ms
114,2023-11-20T08:40:52.223671,FATAL,ServiceC,Data Corruption,6842,User16,192.168.1.134,38ms
115,2023-11-20T08:40:52.243420,INFO,ServiceB,Startup Messages,4681,User85,192.168.1.217,21ms
116,2023-11-20T08:40:52.259453,DEBUG,ServiceA,Trace Information,5300,User98,192.168.1.218,26ms
117,2023-11-20T08:40:52.270450,INFO,ServiceC,Startup Messages,4726,User17,192.168.1.151,10ms
118,2023-11-20T08:40:52.278947,WARNING,ServiceB,Input Validation Warnings,1687,User89,192.168.1.248,94ms
119,2023-11-20T08:40:52.287586,ERROR,ServiceA,Database Errors,2809,User94,192.168.1.90,38ms
120,2023-11-20T08:40:52.295958,ERROR,ServiceB,Database Errors,2127,User52,192.168.1.54,11ms
121,2023-11-20T08:40:52.312085,INFO,ServiceD,Status Updates,7818,User8,192.168.1.34,92ms
122,2023-11-20T08:40:52.327835,FATAL,ServiceC,Crashes,6331,User87,192.168.1.251,47ms
123,2023-11-20T08:40:52.343851,INFO,ServiceA,Status Updates,9477,User83,192.168.1.93,99ms
124,2023-11-20T08:40:52.359982,WARNING,ServiceA,Input Validation Warnings,7566,User16,192.168.1.239,86ms
125,2023-11-20T08:40:52.375822,DEBUG,ServiceA,SQL Queries,9163,User8,192.168.1.216,43ms
126,2023-11-20T08:40:52.391555,DEBUG,ServiceC,Algorithm Steps,6132,User18,192.168.1.182,83ms
127,2023-11-20T08:40:52.400806,WARNING,ServiceA,Performance Warnings,8101,User11,192.168.1.198,51ms
128,2023-11-20T08:40:52.413462,INFO,ServiceC,Status Updates,8952,User22,192.168.1.122,49ms
129,2023-11-20T08:40:52.428655,INFO,ServiceC,Startup Messages,8619,User28,192.168.1.72,47ms
130,2023-11-20T08:40:52.434757,DEBUG,ServiceA,SQL Queries,6822,User68,192.168.1.177,46ms
131,2023-11-20T08:40:52.445192,DEBUG,ServiceD,SQL Queries,8099,User40,192.168.1.199,45ms
132,2023-11-20T08:40:52.457403,WARNING,ServiceB,Performance Warnings,7730,User5,192.168.1.174,87ms
133,2023-11-20T08:40:52.462449,FATAL,ServiceD,Crashes,6277,User39,192.168.1.242,41ms
134,2023-11-20T08:40:52.477924,DEBUG,ServiceC,Algorithm Steps,5726,User72,192.168.1.145,30ms
135,2023-11-20T08:40:52.493940,WARNING,ServiceD,Resource Warnings,1523,User19,192.168.1.182,27ms
136,2023-11-20T08:40:52.509969,DEBUG,ServiceB,Trace Information,9162,User37,192.168.1.43,60ms
137,2023-11-20T08:40:52.525743,INFO,ServiceD,Startup Messages,9396,User30,192.168.1.51,32ms
138,2023-11-20T08:40:52.541502,WARNING,ServiceD,Input Validation Warnings,8613,User47,192.168.1.145,94ms
139,2023-11-20T08:40:52.549953,FATAL,ServiceA,Crashes,8829,User79,192.168.1.87,88ms
140,2023-11-20T08:40:52.562403,ERROR,ServiceA,Database Errors,4303,User28,192.168.1.206,38ms
141,2023-11-20T08:40:52.577623,WARNING,ServiceD,Performance Warnings,8492,User33,192.168.1.12,50ms
142,2023-11-20T08:40:52.593314,ERROR,ServiceA,Critical Errors,8282,User54,192.168.1.74,42ms
143,2023-11-20T08:40:52.609144,INFO,ServiceB,Startup Messages,4798,User9,192.168.1.201,79ms
144,2023-11-20T08:40:52.624899,WARNING,ServiceD,Resource Warnings,5552,User78,192.168.1.102,82ms
145,2023-11-20T08:40:52.640920,WARNING,ServiceD,Resource Warnings,1850,User7,192.168.1.105,68ms
146,2023-11-20T08:40:52.651502,WARNING,ServiceA,Input Validation Warnings,2206,User51,192.168.1.232,74ms
147,2023-11-20T08:40:52.665100,ERROR,ServiceD,Database Errors,9704,User68,192.168.1.31,24ms
148,2023-11-20T08:40:52.679083,INFO,ServiceB,Startup Messages,7974,User96,192.168.1.239,96ms
149,2023-11-20T08:40:52.694453,DEBUG,ServiceD,SQL Queries,3592,User58,192.168.1.109,30ms
150,2023-11-20T08:40:52.710329,INFO,ServiceB,Status Updates,1318,User52,192.168.1.43,55ms
151,2023-11-20T08:40:52.726445,INFO,ServiceC,Startup Messages,3052,User25,192.168.1.122,14ms
152,2023-11-20T08:40:52.742362,WARNING,ServiceD,Resource Warnings,7936,User57,192.168.1.186,63ms
153,2023-11-20T08:40:52.757616,INFO,ServiceB,Startup Messages,7493,User52,192.168.1.130,87ms
154,2023-11-20T08:40:52.773465,ERROR,ServiceA,Database Errors,1437,User87,192.168.1.135,50ms
155,2023-11-20T08:40:52.785494,WARNING,ServiceB,Input Validation Warnings,6578,User28,192.168.1.131,42ms
156,2023-11-20T08:40:52.795694,INFO,ServiceC,Status Updates,5055,User42,192.168.1.42,82ms
157,2023-11-20T08:40:52.811759,ERROR,ServiceB,Database Errors,5816,User68,192.168.1.213,100ms
158,2023-11-20T08:40:52.819646,WARNING,ServiceA,Input Validation Warnings,9817,User71,192.168.1.27,79ms
159,2023-11-20T08:40:52.829131,WARNING,ServiceB,Performance Warnings,5553,User68,192.168.1.247,44ms
160,2023-11-20T08:40:52.837454,WARNING,ServiceB,Performance Warnings,4711,User29,192.168.1.225,59ms
161,2023-11-20T08:40:52.849908,FATAL,ServiceC,Data Corruption,1187,User17,192.168.1.118,26ms
162,2023-11-20T08:40:52.861136,ERROR,ServiceD,Critical Errors,5745,User9,192.168.1.30,69ms
163,2023-11-20T08:40:52.876790,DEBUG,ServiceB,SQL Queries,8841,User97,192.168.1.233,64ms
164,2023-11-20T08:40:52.892791,DEBUG,ServiceC,File I/O,3507,User89,192.168.1.151,18ms
165,2023-11-20T08:40:52.908664,FATAL,ServiceD,Data Corruption,1520,User47,192.168.1.73,29ms
166,2023-11-20T08:40:52.924685,DEBUG,ServiceB,File I/O,8134,User93,192.168.1.105,56ms
167,2023-11-20T08:40:52.939993,FATAL,ServiceC,Data Corruption,7743,User59,192.168.1.79,92ms
168,2023-11-20T08:40:52.948601,FATAL,ServiceB,Data Corruption,9616,User10,192.168.1.249,54ms
169,2023-11-20T08:40:52.962368,WARNING,ServiceD,Performance Warnings,6241,User20,192.168.1.191,47ms
170,2023-11-20T08:40:52.978175,INFO,ServiceA,Startup Messages,3650,User12,192.168.1.18,43ms
171,2023-11-20T08:40:52.993991,FATAL,ServiceA,Crashes,7800,User76,192.168.1.45,54ms
172,2023-11-20T08:40:53.009778,FATAL,ServiceB,Data Corruption,4599,User13,192.168.1.210,75ms
173,2023-11-20T08:40:53.025549,WARNING,ServiceB,Resource Warnings,1251,User88,192.168.1.150,15ms
174,2023-11-20T08:40:53.033452,ERROR,ServiceB,Critical Errors,5230,User45,192.168.1.201,16ms
175,2023-11-20T08:40:53.045636,INFO,ServiceB,Status Updates,4265,User4,192.168.1.15,99ms
176,2023-11-20T08:40:53.062211,DEBUG,ServiceA,Algorithm Steps,4469,User33,192.168.1.22,74ms
177,2023-11-20T08:40:53.077325,WARNING,ServiceD,Performance Warnings,5656,User53,192.168.1.28,79ms
178,2023-11-20T08:40:53.093047,INFO,ServiceA,Status Updates,8448,User39,192.168.1.46,56ms
179,2023-11-20T08:40:53.108963,DEBUG,ServiceA,Trace Information,2504,User42,192.168.1.211,86ms
180,2023-11-20T08:40:53.124767,DEBUG,ServiceC,SQL Queries,7441,User5,192.168.1.98,61ms
181,2023-11-20T08:40:53.140766,DEBUG,ServiceD,Algorithm Steps,4762,User76,192.168.1.125,18ms
182,2023-11-20T08:40:53.156477,ERROR,ServiceD,Database Errors,1532,User47,192.168.1.74,98ms
183,2023-11-20T08:40:53.165945,DEBUG,ServiceB,SQL Queries,8423,User92,192.168.1.45,18ms
184,2023-11-20T08:40:53.178196,WARNING,ServiceD,Performance Warnings,6060,User19,192.168.1.65,39ms
185,2023-11-20T08:40:53.186530,WARNING,ServiceB,Input Validation Warnings,2740,User43,192.168.1.33,29ms
186,2023-11-20T08:40:53.194416,DEBUG,ServiceC,Trace Information,2398,User71,192.168.1.243,69ms
187,2023-11-20T08:40:53.203428,INFO,ServiceD,Startup Messages,4140,User66,192.168.1.138,26ms
188,2023-11-20T08:40:53.212705,INFO,ServiceA,Startup Messages,4432,User24,192.168.1.52,99ms
189,2023-11-20T08:40:53.219604,WARNING,ServiceC,Performance Warnings,5291,User89,192.168.1.50,21ms
190,2023-11-20T08:40:53.228506,DEBUG,ServiceC,File I/O,7678,User22,192.168.1.23,67ms
191,2023-11-20T08:40:53.237497,WARNING,ServiceD,Resource Warnings,2723,User9,192.168.1.85,53ms
192,2023-11-20T08:40:53.252846,DEBUG,ServiceC,SQL Queries,2346,User3,192.168.1.198,72ms
193,2023-11-20T08:40:53.268925,WARNING,ServiceD,Input Validation Warnings,3611,User36,192.168.1.153,63ms
194,2023-11-20T08:40:53.277925,DEBUG,ServiceD,File I/O,7316,User51,192.168.1.44,19ms
195,2023-11-20T08:40:53.293712,WARNING,ServiceB,Performance Warnings,2571,User79,192.168.1.23,51ms
196,2023-11-20T08:40:53.302516,WARNING,ServiceC,Resource Warnings,8828,User93,192.168.1.68,59ms
197,2023-11-20T08:40:53.311061,ERROR,ServiceA,Critical Errors,8226,User6,192.168.1.252,60ms
198,2023-11-20T08:40:53.325160,WARNING,ServiceB,Performance Warnings,1059,User28,192.168.1.51,96ms
199,2023-11-20T08:40:53.340966,DEBUG,ServiceB,Algorithm Steps,1156,User2,192.168.1.165,92ms
200,2023-11-20T08:40:53.356850,FATAL,ServiceC,Data Corruption,9041,User35,192.168.1.113,63ms
201,2023-11-20T08:40:53.365883,WARNING,ServiceB,Performance Warnings,8510,User25,192.168.1.231,29ms
202,2023-11-20T08:40:53.378840,FATAL,ServiceB,Data Corruption,5084,User87,192.168.1.182,74ms
203,2023-11-20T08:40:53.394447,INFO,ServiceA,Startup Messages,8439,User97,192.168.1.240,81ms
204,2023-11-20T08:40:53.410234,WARNING,ServiceA,Performance Warnings,8924,User6,192.168.1.14,52ms
205,2023-11-20T08:40:53.419082,WARNING,ServiceC,Performance Warnings,8569,User66,192.168.1.112,68ms
206,2023-11-20T08:40:53.427621,ERROR,ServiceB,Critical Errors,7719,User46,192.168.1.222,72ms
207,2023-11-20T08:40:53.443454,DEBUG,ServiceA,File I/O,2997,User2,192.168.1.92,55ms
208,2023-11-20T08:40:53.459429,DEBUG,ServiceA,SQL Queries,5790,User19,192.168.1.146,52ms
209,2023-11-20T08:40:53.475380,FATAL,ServiceB,Crashes,2144,User23,192.168.1.29,86ms
210,2023-11-20T08:40:53.491027,FATAL,ServiceC,Data Corruption,3965,User34,192.168.1.194,95ms
211,2023-11-20T08:40:53.507054,DEBUG,ServiceC,Trace Information,6272,User64,192.168.1.249,75ms
212,2023-11-20T08:40:53.515744,FATAL,ServiceB,Crashes,5370,User69,192.168.1.34,25ms
213,2023-11-20T08:40:53.528612,WARNING,ServiceA,Resource Warnings,6107,User76,192.168.1.148,66ms
214,2023-11-20T08:40:53.544192,ERROR,ServiceD,Database Errors,5909,User51,192.168.1.142,27ms
215,2023-11-20T08:40:53.561936,INFO,ServiceA,Status Updates,3497,User90,192.168.1.129,63ms
216,2023-11-20T08:40:53.576189,WARNING,ServiceA,Performance Warnings,7456,User62,192.168.1.185,59ms
217,2023-11-20T08:40:53.591890,WARNING,ServiceD,Resource Warnings,6281,User24,192.168.1.137,84ms
218,2023-11-20T08:40:53.604046,DEBUG,ServiceC,Trace Information,2906,User99,192.168.1.204,80ms
219,2023-11-20T08:40:53.610811,INFO,ServiceC,Startup Messages,9750,User76,192.168.1.21,85ms
220,2023-11-20T08:40:53.626452,ERROR,ServiceD,Critical Errors,2920,User18,192.168.1.227,63ms
221,2023-11-20T08:40:53.642506,INFO,ServiceB,Status Updates,8374,User13,192.168.1.148,84ms
222,2023-11-20T08:40:53.658286,ERROR,ServiceA,Database Errors,2187,User38,192.168.1.118,20ms
223,2023-11-20T08:40:53.673984,FATAL,ServiceC,Data Corruption,9902,User62,192.168.1.89,12ms
224,2023-11-20T08:40:53.682076,DEBUG,ServiceB,File I/O,2779,User7,192.168.1.244,18ms
225,2023-11-20T08:40:53.695004,FATAL,ServiceC,Data Corruption,8936,User11,192.168.1.36,56ms
226,2023-11-20T08:40:53.711654,WARNING,ServiceD,Input Validation Warnings,2060,User71,192.168.1.97,49ms
227,2023-11-20T08:40:53.728373,DEBUG,ServiceD,SQL Queries,3906,User49,192.168.1.64,69ms
228,2023-11-20T08:40:53.742524,FATAL,ServiceD,Data Corruption,9905,User88,192.168.1.242,12ms
229,2023-11-20T08:40:53.758480,ERROR,ServiceD,Database Errors,7353,User92,192.168.1.209,50ms
230,2023-11-20T08:40:53.774458,INFO,ServiceC,Startup Messages,3353,User90,192.168.1.19,72ms
231,2023-11-20T08:40:53.790164,DEBUG,ServiceC,File I/O,3762,User24,192.168.1.102,44ms
232,2023-11-20T08:40:53.803921,WARNING,ServiceB,Performance Warnings,3400,User69,192.168.1.115,96ms
233,2023-11-20T08:40:53.814946,ERROR,ServiceD,Critical Errors,8628,User58,192.168.1.188,21ms
234,2023-11-20T08:40:53.826756,WARNING,ServiceD,Input Validation Warnings,9010,User79,192.168.1.124,95ms
235,2023-11-20T08:40:53.843412,ERROR,ServiceC,Database Errors,8331,User24,192.168.1.25,57ms
236,2023-11-20T08:40:53.858752,WARNING,ServiceB,Performance Warnings,2910,User88,192.168.1.128,76ms
237,2023-11-20T08:40:53.874640,ERROR,ServiceB,Critical Errors,3473,User98,192.168.1.164,71ms
238,2023-11-20T08:40:53.890597,INFO,ServiceA,Startup Messages,6771,User99,192.168.1.9,99ms
239,2023-11-20T08:40:53.907144,ERROR,ServiceA,Database Errors,1224,User61,192.168.1.37,88ms
240,2023-11-20T08:40:53.914523,WARNING,ServiceC,Resource Warnings,9526,User51,192.168.1.182,38ms
241,2023-11-20T08:40:53.927295,INFO,ServiceC,Startup Messages,2486,User55,192.168.1.53,47ms
242,2023-11-20T08:40:53.942775,ERROR,ServiceB,Database Errors,7475,User5,192.168.1.146,32ms
243,2023-11-20T08:40:53.958924,INFO,ServiceA,Startup Messages,2348,User41,192.168.1.179,27ms
244,2023-11-20T08:40:53.974799,ERROR,ServiceD,Database Errors,1794,User88,192.168.1.91,20ms
245,2023-11-20T08:40:53.985169,WARNING,ServiceC,Performance Warnings,5866,User22,192.168.1.179,50ms
246,2023-11-20T08:40:53.994750,FATAL,ServiceD,Crashes,8028,User80,192.168.1.225,49ms
247,2023-11-20T08:40:54.010469,INFO,ServiceC,Startup Messages,8372,User1,192.168.1.22,23ms
248,2023-11-20T08:40:54.026077,INFO,ServiceA,Status Updates,3065,User10,192.168.1.55,63ms










































































































































































































































































































































































































































































































































































































































































































































































































































































































































































































































































































































































































































































































































































































































































































































































































































































































































































































































































































































































































































































































































































































































































































































































































































































































































































































































































































































































































































































































































































































































































































































































































































































































































































































































































































































































































































































































































































































































































































































































































































































































































































































































































































































































































































































































































































































































































































































































































































































































































































































































































































































































































































































































































































































































































































































































































































































































































































































































































































































































































































































































































































































































































































































































































































































































































































































































































































































































































































































































































































































































































































































































































































































































































































































































































































































































































































































































































































































































































































































































































































































































































































































































































































































































































































































































































































































































































































































































































































































































































































































































































































































































































































































































































































































































































































































































































































































































































































































































































































































































































































































































































































































































































































































































































































































































































































































































































































































































































































































































































































































































































































































































































































































































































































































































































































































































































































































































































































































































































































































































































































































































































































































































































































































































































































































































































































































































































































































































































































































































































































































































































































































































































































































































































































































































































































































































































































































































































































































































































































































































































































































































































































































































































































































































































































































































































































































































































































































































































































































































































































































































































































































































































































































































































































































































































































































































































































































































































































































































































































































































































































































































































































































































































































































































































































































































































































































































































































































































































































































































































































































































































































































































































































































































































































































































































































































































































































































































































































































































































































































































































































































































































































































































































































































































































































































































































































































































































































































































































































































































































































































































































































































































































































































































































































































































































































































































































































































































































































































































































































































































































































































































































































































































































































































































































































































































































































































































































































































































































































































































































































































































































































































































































































































































































































































































































































































































































































































































































































































































































































































































































































































































































































































































































































































































































































































































































































































































































































































































































































































































































































































































































































































































































































































































































































































































































































































































































































































































































































































































































































































































































































































































































































































































































































































































































































































































































































































































































































































































































































































































































































































































































































































































































































































































































































































































































































































































































































































































































































































































































































































































































































































































































































































































































































































































































































































































































































































































































































































































































































































































































































































































































































































































































































































































































































































































































































































































































































































































































































































































































































































































































































































































































































































































































































































































































































































































































































































































































































































































































































































































































































































































































































































































































































































































































































































































































































































































































































































































































































































































































































































































































































































































































































































































































































































































































































































































































































































































































































































































































































































































































































































































































































































































































































































































































































































































































































































































































































































































































































































































































































































































































































































































































































































































































































































































































































































































































































































































































































































































































































































































































































































































































































































































































































































































































































































































































































































































































































































































































































































































































































































































































































































































































































































































































































































































































































































































































































































































































































































































































































































































































































































































































































































































































































































